midi_filename,n_notes,unique_ioi_raw,unique_ioi_q,dur_std_raw,dur_std_q
2015/MIDI-Unprocessed_R1_D2-13-20_mid--AUDIO-from_mp3_19_R1_2015_wav--4.midi,1129,407,90,0.7254082076699007,0.725319835999544
2018/MIDI-Unprocessed_Recital8_MID--AUDIO_08_R1_2018_wav--2.midi,8200,620,146,0.37471643583268033,0.37472232229585634
2011/MIDI-Unprocessed_06_R3_2011_MID--AUDIO_R3-D3_06_Track06_wav.midi,7592,336,74,0.1292563981178978,0.12914223470059186
2006/MIDI-Unprocessed_05_R2_2006_01_ORIG_MID--AUDIO_05_R2_2006_02_Track02_wav.midi,2290,495,136,0.7882650444976309,0.788324129470338
2013/ORIG-MIDI_03_7_8_13_Group__MID--AUDIO_19_R2_2013_wav--4.midi,6146,431,92,0.18764809995621584,0.1876600292807416
2014/MIDI-UNPROCESSED_04-05_R1_2014_MID--AUDIO_05_R1_2014_wav--6.midi,934,385,98,0.4856221240654378,0.48548671450784603
2015/MIDI-Unprocessed_R1_D2-13-20_mid--AUDIO-from_mp3_15_R1_2015_wav--4.midi,3601,435,76,0.20207050144158817,0.20209342546212206
2014/MIDI-UNPROCESSED_14-15_R1_2014_MID--AUDIO_15_R1_2014_wav--1.midi,5004,432,147,0.434900571242377,0.43495926845820426
2014/MIDI-UNPROCESSED_16-18_R1_2014_MID--AUDIO_17_R1_2014_wav--1.midi,9304,624,170,0.39825699730159864,0.3982103862455607
2009/MIDI-Unprocessed_21_R1_2009_01-03_ORIG_MID--AUDIO_21_R1_2009_21_R1_2009_03_WAV.midi,9909,437,105,0.28031818105706297,0.2804190877571819
2013/ORIG-MIDI_01_7_7_13_Group__MID--AUDIO_14_R1_2013_wav--4.midi,9642,415,99,0.23522444244620042,0.23524525132126436
2011/MIDI-Unprocessed_03_R1_2011_MID--AUDIO_R1-D1_18_Track18_wav.midi,3241,264,67,0.29150106760140515,0.2915904535321229
2013/ORIG-MIDI_03_7_6_13_Group__MID--AUDIO_10_R1_2013_wav--2.midi,2734,258,65,0.3495773420983439,0.34949898669911406
2013/ORIG-MIDI_01_7_7_13_Group__MID--AUDIO_12_R1_2013_wav--3.midi,1427,350,104,0.5881826267566047,0.5882058197656045
2015/MIDI-Unprocessed_R2_D2-19-21-22_mid--AUDIO-from_mp3_22_R2_2015_wav--2.midi,7281,469,107,0.2442633772311061,0.2442275798949283
2011/MIDI-Unprocessed_05_R1_2011_MID--AUDIO_R1-D2_09_Track09_wav.midi,1353,186,54,0.4275034964620281,0.42766329495263017
2004/MIDI-Unprocessed_SMF_02_R1_2004_01-05_ORIG_MID--AUDIO_02_R1_2004_10_Track10_wav.midi,6369,243,51,0.14120565092767243,0.14133082282794887
2014/MIDI-UNPROCESSED_09-10_R1_2014_MID--AUDIO_10_R1_2014_wav--2.midi,1172,296,78,0.3157791076226929,0.31585945712950597
2015/MIDI-Unprocessed_R1_D1-9-12_mid--AUDIO-from_mp3_11_R1_2015_wav--4.midi,1344,426,80,0.5327188465872839,0.5327211197538188
2009/MIDI-Unprocessed_04_R1_2009_04-06_ORIG_MID--AUDIO_04_R1_2009_04_R1_2009_06_WAV.midi,2680,280,70,0.17446122227236577,0.1742836739436713
2015/MIDI-Unprocessed_R1_D1-1-8_mid--AUDIO-from_mp3_08_R1_2015_wav--3.midi,3241,190,53,0.2170713750378384,0.2171412596457308
2017/MIDI-Unprocessed_056_PIANO056_MID--AUDIO-split_07-07-17_Piano-e_1-05_wav--2.midi,1937,239,42,0.1523378210719739,0.15238974355313545
2009/MIDI-Unprocessed_19_R2_2009_01_ORIG_MID--AUDIO_19_R2_2009_19_R2_2009_03_WAV.midi,2719,376,96,0.24375134722541014,0.2437655908222957
2008/MIDI-Unprocessed_07_R3_2008_01-05_ORIG_MID--AUDIO_07_R3_2008_wav--3.midi,1564,290,84,0.36087649427923696,0.3609907407223438
2013/ORIG-MIDI_03_7_8_13_Group__MID--AUDIO_18_R2_2013_wav--3.midi,1413,334,72,0.7713007180928303,0.7712541073987167
2009/MIDI-Unprocessed_15_R1_2009_03-06_ORIG_MID--AUDIO_15_R1_2009_15_R1_2009_05_WAV.midi,1963,455,130,0.6845783792184266,0.6845315350818711
2006/MIDI-Unprocessed_23_R2_2006_01_ORIG_MID--AUDIO_23_R2_2006_03_Track03_wav.midi,4243,469,120,0.2651364258803868,0.2651545731890858
2015/MIDI-Unprocessed_R2_D1-2-3-6-7-8-11_mid--AUDIO-from_mp3_06_R2_2015_wav--1.midi,4310,399,66,0.2845212328031227,0.28457842859690063
2009/MIDI-Unprocessed_01_R1_2009_01-04_ORIG_MID--AUDIO_01_R1_2009_01_R1_2009_04_WAV.midi,6382,521,143,0.44123880058743,0.44125637792463834
2017/MIDI-Unprocessed_066_PIANO066_MID--AUDIO-split_07-07-17_Piano-e_3-02_wav--4.midi,4154,281,56,0.06369152359263168,0.0637073508944565
2015/MIDI-Unprocessed_R1_D1-9-12_mid--AUDIO-from_mp3_09_R1_2015_wav--3.midi,2339,171,34,0.13175782602376074,0.13179800904121367
2011/MIDI-Unprocessed_19_R1_2011_MID--AUDIO_R1-D7_12_Track12_wav.midi,3010,272,64,0.4442388394702511,0.44446282761194
2017/MIDI-Unprocessed_070_PIANO070_MID--AUDIO-split_07-08-17_Piano-e_1-02_wav--3.midi,7591,592,133,0.4347585829060984,0.43471770130248455
2004/MIDI-Unprocessed_SMF_16_R1_2004_01-08_ORIG_MID--AUDIO_16_R1_2004_05_Track05_wav.midi,1620,464,90,0.3584747304605172,0.3586399040445345
2017/MIDI-Unprocessed_060_PIANO060_MID--AUDIO-split_07-07-17_Piano-e_2-04_wav--4.midi,4000,344,72,0.23368378207032917,0.23373806346919446
2006/MIDI-Unprocessed_17_R1_2006_01-06_ORIG_MID--AUDIO_17_R1_2006_02_Track02_wav.midi,6391,541,135,0.4407101127122846,0.4407045157456191
2014/MIDI-UNPROCESSED_06-08_R1_2014_MID--AUDIO_07_R1_2014_wav--5.midi,3104,291,92,0.16450971143473936,0.16450132201186932
2015/MIDI-Unprocessed_R1_D1-1-8_mid--AUDIO-from_mp3_06_R1_2015_wav--1.midi,1564,216,37,0.1892874923563597,0.1891795870611816
2008/MIDI-Unprocessed_08_R3_2008_01-05_ORIG_MID--AUDIO_08_R3_2008_wav--1.midi,4776,422,94,0.267293321212659,0.2672900122400157
2015/MIDI-Unprocessed_R1_D1-1-8_mid--AUDIO-from_mp3_06_R1_2015_wav--2.midi,7953,648,104,0.39331920668800685,0.3933616170804604
2017/MIDI-Unprocessed_041_PIANO041_MID--AUDIO-split_07-06-17_Piano-e_1-01_wav--2.midi,6590,357,82,0.3188721630423102,0.31887444873160903
2009/MIDI-Unprocessed_16_R2_2009_01_ORIG_MID--AUDIO_16_R2_2009_16_R2_2009_01_WAV.midi,5498,560,150,0.3158559533624229,0.3159101236229295
2004/MIDI-Unprocessed_XP_09_R1_2004_01-02_ORIG_MID--AUDIO_09_R1_2004_02_Track02_wav.midi,2638,381,108,0.3668049335290216,0.3669458781233649
2008/MIDI-Unprocessed_04_R1_2008_01-04_ORIG_MID--AUDIO_04_R1_2008_wav--1.midi,2176,298,81,0.8019193012988729,0.8017224517910677
2018/MIDI-Unprocessed_Recital9-11_MID--AUDIO_09_R1_2018_wav--5.midi,1095,300,83,0.3735943899844791,0.373557799453592
2008/MIDI-Unprocessed_09_R1_2008_01-05_ORIG_MID--AUDIO_09_R1_2008_wav--3.midi,4249,229,52,0.056240039734981914,0.05631346284377947
2015/MIDI-Unprocessed_R1_D1-9-12_mid--AUDIO-from_mp3_12_R1_2015_wav--3.midi,1780,387,66,0.5404496370219103,0.5404629725699063
2015/MIDI-Unprocessed_R2_D1-2-3-6-7-8-11_mid--AUDIO-from_mp3_11_R2_2015_wav--1.midi,7293,458,102,0.25038358186121945,0.25037217876350176
2018/MIDI-Unprocessed_Recital17-19_MID--AUDIO_17_R1_2018_wav--2.midi,3821,305,63,0.31608096619602644,0.31600927472921164
2015/MIDI-Unprocessed_R1_D1-1-8_mid--AUDIO-from_mp3_02_R1_2015_wav--5.midi,1026,331,78,0.4330307481250105,0.432931902867328
2008/MIDI-Unprocessed_03_R1_2008_01-04_ORIG_MID--AUDIO_03_R1_2008_wav--4.midi,5547,417,122,0.32016902724532464,0.32009805452538165
2006/MIDI-Unprocessed_08_R1_2006_01-04_ORIG_MID--AUDIO_08_R1_2006_Disk1_03_Track03_wav.midi,16619,595,161,0.349608114833887,0.3496586918608115
2006/MIDI-Unprocessed_15_R1_2006_01-05_ORIG_MID--AUDIO_15_R1_2006_02_Track02_wav.midi,7652,525,126,0.35205667245110445,0.3521430035130437
2009/MIDI-Unprocessed_17_R1_2009_01-03_ORIG_MID--AUDIO_17_R1_2009_17_R1_2009_01_WAV.midi,5752,544,148,0.409884022752659,0.4099272261630802
2011/MIDI-Unprocessed_16_R1_2011_MID--AUDIO_R1-D6_12_Track12_wav.midi,1516,321,90,0.89951381512516,0.899456212898827
2004/MIDI-Unprocessed_SMF_12_01_2004_01-05_ORIG_MID--AUDIO_12_R1_2004_09_Track09_wav.midi,3006,359,98,0.28028739138710485,0.2803325180977399
2017/MIDI-Unprocessed_049_PIANO049_MID--AUDIO-split_07-06-17_Piano-e_2-06_wav--2.midi,3370,421,100,0.15186365178413125,0.15186462630042713
2015/MIDI-Unprocessed_R1_D1-1-8_mid--AUDIO-from_mp3_01_R1_2015_wav--1.midi,3014,378,67,0.4084474096758378,0.408449506172314
2011/MIDI-Unprocessed_04_R3_2011_MID--AUDIO_R3-D2_05_Track05_wav.midi,2730,187,39,0.2288558916594715,0.2289447554859902
2004/MIDI-Unprocessed_XP_06_R2_2004_01_ORIG_MID--AUDIO_06_R2_2004_03_Track03_wav.midi,8922,482,93,0.18931414222323042,0.1894260824386726
2017/MIDI-Unprocessed_060_PIANO060_MID--AUDIO-split_07-07-17_Piano-e_2-04_wav--3.midi,1618,166,35,0.14676776089522986,0.1468193891200891
2009/MIDI-Unprocessed_19_R2_2009_01_ORIG_MID--AUDIO_19_R2_2009_19_R2_2009_04_WAV.midi,6405,292,72,0.2279847459709165,0.2280291832000502
2017/MIDI-Unprocessed_059_PIANO059_MID--AUDIO-split_07-07-17_Piano-e_2-03_wav--1.midi,2242,188,30,0.17493308196567248,0.17500188388299337
2009/MIDI-Unprocessed_11_R1_2009_01-05_ORIG_MID--AUDIO_11_R1_2009_11_R1_2009_02_WAV.midi,1902,355,100,0.46909453580158716,0.46913207982918514
2015/MIDI-Unprocessed_R1_D2-13-20_mid--AUDIO-from_mp3_14_R1_2015_wav--2.midi,3324,353,87,0.29762696032008285,0.2977016901987563
2009/MIDI-Unprocessed_10_R1_2009_03-05_ORIG_MID--AUDIO_10_R1_2009_10_R1_2009_03_WAV.midi,4724,472,110,0.33102447975546356,0.3310785868241815
2008/MIDI-Unprocessed_17_R1_2008_01-04_ORIG_MID--AUDIO_17_R1_2008_wav--2.midi,3306,330,87,0.16623083861480298,0.16631474630452872
2018/MIDI-Unprocessed_Recital13-15_MID--AUDIO_14_R1_2018_wav--1.midi,6393,439,99,0.3311750841198921,0.331201238544046
2015/MIDI-Unprocessed_R1_D2-13-20_mid--AUDIO-from_mp3_20_R1_2015_wav--3.midi,1422,179,28,0.4687548021969838,0.46880500119748597
2004/MIDI-Unprocessed_XP_15_R1_2004_04_ORIG_MID--AUDIO_15_R1_2004_04_Track04_wav.midi,12366,788,167,0.3860758616839613,0.38607637072357115
2004/MIDI-Unprocessed_XP_09_R1_2004_05_ORIG_MID--AUDIO_09_R1_2004_08_Track08_wav.midi,6699,623,143,0.49794563781241374,0.4978919374282434
2008/MIDI-Unprocessed_10_R3_2008_01-05_ORIG_MID--AUDIO_10_R3_2008_wav--3.midi,1581,299,94,0.37240722331191095,0.37233109442894236
2013/ORIG-MIDI_02_7_7_13_Group__MID--AUDIO_15_R1_2013_wav--1.midi,1519,325,78,0.6863391178632302,0.686209984100065
2011/MIDI-Unprocessed_12_R3_2011_MID--AUDIO_R3-D4_08_Track08_wav.midi,366,207,75,0.6379404971528686,0.6377546609476453
2017/MIDI-Unprocessed_046_PIANO046_MID--AUDIO-split_07-06-17_Piano-e_2-02_wav--4.midi,5049,572,123,0.3654671286433648,0.36553136344989035
2013/ORIG-MIDI_02_7_7_13_Group__MID--AUDIO_19_R1_2013_wav--3.midi,1410,137,27,0.45376360093531737,0.45379175965005875
2008/MIDI-Unprocessed_09_R1_2008_01-05_ORIG_MID--AUDIO_09_R1_2008_wav--1.midi,1905,231,59,0.29694211220866995,0.2967583656463823
2015/MIDI-Unprocessed_R1_D1-1-8_mid--AUDIO-from_mp3_06_R1_2015_wav--6.midi,2124,198,38,0.25333330452187813,0.25329971053300543
2004/MIDI-Unprocessed_SMF_12_01_2004_01-05_ORIG_MID--AUDIO_12_R1_2004_10_Track10_wav.midi,9939,509,129,0.3582136038702011,0.3582752542276027
2011/MIDI-Unprocessed_11_R1_2011_MID--AUDIO_R1-D4_10_Track10_wav.midi,1501,313,74,0.6574180395189874,0.6574031227662253
2008/MIDI-Unprocessed_11_R2_2008_01-05_ORIG_MID--AUDIO_11_R2_2008_wav--5.midi,2787,341,97,0.8515961241869665,0.8517891834392245
2004/MIDI-Unprocessed_XP_19_R2_2004_01_ORIG_MID--AUDIO_19_R2_2004_02_Track02_wav.midi,2774,544,149,0.5619018719708055,0.5619873581131914
2011/MIDI-Unprocessed_03_R3_2011_MID--AUDIO_R3-D1_07_Track07_wav.midi,9192,366,100,0.21980030225844166,0.2197781892265213
2009/MIDI-Unprocessed_07_R2_2009_01_ORIG_MID--AUDIO_07_R2_2009_07_R2_2009_01_WAV.midi,4935,410,106,0.310459675429674,0.31051041488546594
2018/MIDI-Unprocessed_Recital5-7_MID--AUDIO_05_R1_2018_wav--3.midi,11581,600,191,0.41496410765734976,0.4149135427517819
2009/MIDI-Unprocessed_20_R1_2009_01-05_ORIG_MID--AUDIO_20_R1_2009_20_R1_2009_01_WAV.midi,9458,551,148,0.3406572005258938,0.34072089606974526
2006/MIDI-Unprocessed_13_R1_2006_01-06_ORIG_MID--AUDIO_13_R1_2006_05_Track05_wav.midi,8357,372,103,0.21171133218800528,0.21175709468872161
2004/MIDI-Unprocessed_XP_15_R1_2004_01-02_ORIG_MID--AUDIO_15_R1_2004_01_Track01_wav.midi,5946,442,94,0.23720105263352326,0.23722602411390045
2011/MIDI-Unprocessed_12_R2_2011_MID--AUDIO_R2-D4_04_Track04_wav.midi,2517,265,58,0.45484560491552833,0.4547259788919465
2013/ORIG-MIDI_01_7_10_13_Group_MID--AUDIO_08_R3_2013_wav--3.midi,5169,453,108,0.3474241708903556,0.34739746104083113
2017/MIDI-Unprocessed_052_PIANO052_MID--AUDIO-split_07-06-17_Piano-e_3-03_wav--5.midi,4732,474,86,0.22144977649500916,0.2214817617790356
2017/MIDI-Unprocessed_062_PIANO062_MID--AUDIO-split_07-07-17_Piano-e_2-07_wav--3.midi,1650,173,38,0.1530432712821523,0.15303399277262866
2013/ORIG-MIDI_02_7_6_13_Group__MID--AUDIO_08_R1_2013_wav--3.midi,2306,124,27,0.11329562481114873,0.11328401476066016
2008/MIDI-Unprocessed_09_R3_2008_01-07_ORIG_MID--AUDIO_09_R3_2008_wav--4.midi,7290,379,107,0.2278674177196343,0.22790962468764217
2008/MIDI-Unprocessed_15_R2_2008_01-04_ORIG_MID--AUDIO_15_R2_2008_wav--3.midi,2168,292,67,0.34565189737907087,0.3458464452585968
2004/MIDI-Unprocessed_XP_15_R2_2004_01_ORIG_MID--AUDIO_15_R2_2004_02_Track02_wav.midi,5153,659,157,0.32841915258281273,0.32836686039740687
2014/MIDI-UNPROCESSED_21-22_R1_2014_MID--AUDIO_21_R1_2014_wav--2.midi,405,210,72,0.36532808080635326,0.36502733009652
2014/MIDI-UNPROCESSED_16-18_R1_2014_MID--AUDIO_16_R1_2014_wav--2.midi,11586,617,125,0.3302393164769768,0.3302208086167801
2017/MIDI-Unprocessed_062_PIANO062_MID--AUDIO-split_07-07-17_Piano-e_2-07_wav--1.midi,6625,369,90,0.35283053566147543,0.35279744697581783
2009/MIDI-Unprocessed_17_R1_2009_01-03_ORIG_MID--AUDIO_17_R1_2009_17_R1_2009_03_WAV.midi,10351,416,111,0.2836926856496945,0.28368571572840307
2015/MIDI-Unprocessed_R1_D1-9-12_mid--AUDIO-from_mp3_11_R1_2015_wav--1.midi,6819,560,116,0.35512181109873237,0.35522632419359385
2013/ORIG-MIDI_03_7_6_13_Group__MID--AUDIO_09_R1_2013_wav--3.midi,1832,243,54,0.19797457549831896,0.19806713745264728
2009/MIDI-Unprocessed_11_R1_2009_01-05_ORIG_MID--AUDIO_11_R1_2009_11_R1_2009_03_WAV.midi,1346,128,26,0.036637410277088445,0.03689187146566824
2008/MIDI-Unprocessed_10_R3_2008_01-05_ORIG_MID--AUDIO_10_R3_2008_wav--2.midi,1573,297,95,0.4534411775336423,0.45349274136520845
2014/MIDI-UNPROCESSED_01-03_R1_2014_MID--AUDIO_01_R1_2014_wav--5.midi,2545,438,104,0.685490728896013,0.6854761789887767
2018/MIDI-Unprocessed_Chamber6_MID--AUDIO_20_R3_2018_wav--2.midi,9727,598,132,0.4250343013594075,0.4251238221697712
2004/MIDI-Unprocessed_SMF_17_R1_2004_04_ORIG_MID--AUDIO_17_R1_2004_11_Track11_wav.midi,9238,404,94,0.2500502486298576,0.2500771320756899
2015/MIDI-Unprocessed_R1_D2-13-20_mid--AUDIO-from_mp3_15_R1_2015_wav--3.midi,3499,321,73,0.2139653993742978,0.21395220959846853
2009/MIDI-Unprocessed_02_R1_2009_01-02_ORIG_MID--AUDIO_02_R1_2009_02_R1_2009_01_WAV.midi,6736,487,117,0.33382187822542314,0.3339006279556858
2006/MIDI-Unprocessed_24_R1_2006_01-05_ORIG_MID--AUDIO_24_R1_2006_02_Track02_wav.midi,6077,501,148,0.394136991218254,0.394216259316397
2015/MIDI-Unprocessed_R1_D1-1-8_mid--AUDIO-from_mp3_07_R1_2015_wav--3.midi,2065,231,44,0.2073905754011454,0.20737827256158398
2017/MIDI-Unprocessed_056_PIANO056_MID--AUDIO-split_07-07-17_Piano-e_1-05_wav--3.midi,6605,374,92,0.3847379577173883,0.38481654693596645
2011/MIDI-Unprocessed_07_R1_2011_MID--AUDIO_R1-D3_04_Track04_wav.midi,2205,220,55,0.1605647812213141,0.1607316730080558
2014/MIDI-UNPROCESSED_06-08_R1_2014_MID--AUDIO_08_R1_2014_wav--1.midi,4809,435,150,0.506651504242321,0.5066346476303305
2015/MIDI-Unprocessed_R1_D2-13-20_mid--AUDIO-from_mp3_20_R1_2015_wav--4.midi,6128,567,157,0.4310841709597747,0.4311142758603122
2013/ORIG-MIDI_01_7_8_13_Group__MID--AUDIO_02_R2_2013_wav--3.midi,1423,356,136,0.5775135555660669,0.5774867133571693
2018/MIDI-Unprocessed_Recital9-11_MID--AUDIO_09_R1_2018_wav--2.midi,2644,220,54,0.24184966429254187,0.2417964413660309
2008/MIDI-Unprocessed_03_R3_2008_01-03_ORIG_MID--AUDIO_03_R3_2008_wav--1.midi,7359,357,105,0.2367484563804147,0.23688259486710686
2013/ORIG-MIDI_02_7_6_13_Group__MID--AUDIO_08_R1_2013_wav--1.midi,1182,199,47,0.6097301086128813,0.6098791376158174
2015/MIDI-Unprocessed_R2_D1-2-3-6-7-8-11_mid--AUDIO-from_mp3_11_R2_2015_wav--2.midi,2564,324,49,0.5524925582847969,0.5524538990751826
2011/MIDI-Unprocessed_11_R1_2011_MID--AUDIO_R1-D4_09_Track09_wav.midi,3347,161,51,0.17439474282341083,0.1743749241177723
2015/MIDI-Unprocessed_R2_D1-2-3-6-7-8-11_mid--AUDIO-from_mp3_07_R2_2015_wav--1.midi,6370,544,108,0.30016617771294024,0.3001860174761595
2017/MIDI-Unprocessed_055_PIANO055_MID--AUDIO-split_07-07-17_Piano-e_1-04_wav--2.midi,2761,370,116,0.8624752408695516,0.8624490092739919
2013/ORIG-MIDI_02_7_8_13_Group__MID--AUDIO_11_R2_2013_wav--3.midi,9869,427,118,0.20004272401034082,0.1999432008648206
2004/MIDI-Unprocessed_XP_01_R1_2004_04-05_ORIG_MID--AUDIO_01_R1_2004_05_Track05_wav.midi,5141,508,99,0.25898821711771663,0.2592035842290398
2011/MIDI-Unprocessed_17_R3_2011_MID--AUDIO_R3-D6_05_Track05_wav.midi,1147,321,129,0.7900189036643138,0.7902436748731746
2009/MIDI-Unprocessed_08_R1_2009_01-04_ORIG_MID--AUDIO_08_R1_2009_08_R1_2009_02_WAV.midi,2048,425,102,0.6260486883217764,0.6260254525526843
2004/MIDI-Unprocessed_XP_03_R1_2004_01-02_ORIG_MID--AUDIO_03_R1_2004_01_Track01_wav.midi,2809,324,66,0.4040515472199866,0.4040029748732568
2009/MIDI-Unprocessed_15_R1_2009_01-02_ORIG_MID--AUDIO_15_R1_2009_15_R1_2009_01_WAV.midi,5820,369,106,0.29978988365870357,0.29987222472599445
2006/MIDI-Unprocessed_23_R2_2006_01_ORIG_MID--AUDIO_23_R2_2006_04_Track04_wav.midi,3832,265,64,0.10945675180714724,0.10949787672417817
2014/MIDI-UNPROCESSED_04-05_R1_2014_MID--AUDIO_04_R1_2014_wav--2.midi,11207,604,164,0.25640017951245564,0.2564397035332188
2006/MIDI-Unprocessed_18_R1_2006_01-05_ORIG_MID--AUDIO_18_R1_2006_02_Track02_wav.midi,2973,292,96,0.115624138467184,0.11572931578190329
2004/MIDI-Unprocessed_XP_06_R1_2004_02-03_ORIG_MID--AUDIO_06_R1_2004_05_Track05_wav.midi,11856,555,119,0.22671144390872658,0.22666875164846598
2017/MIDI-Unprocessed_052_PIANO052_MID--AUDIO-split_07-06-17_Piano-e_3-03_wav--2.midi,1638,284,51,0.30510922735660856,0.3052354135325219
2004/MIDI-Unprocessed_XP_08_R1_2004_03_ORIG_MID--AUDIO_08_R1_2004_03_Track03_wav.midi,5789,638,168,0.49022485102341834,0.4902330353878147
2018/MIDI-Unprocessed_Recital17-19_MID--AUDIO_18_R1_2018_wav--3.midi,1732,202,42,0.18481235971618126,0.18489034102055515
2006/MIDI-Unprocessed_07_R1_2006_01-04_ORIG_MID--AUDIO_07_R1_2006_02_Track02_wav.midi,3975,571,164,0.45585194927641454,0.4558693025522929
2011/MIDI-Unprocessed_01_R1_2011_MID--AUDIO_R1-D1_04_Track04_wav.midi,3349,295,88,0.29286405103746327,0.29286112837406597
2006/MIDI-Unprocessed_17_R1_2006_01-06_ORIG_MID--AUDIO_17_R1_2006_01_Track01_wav.midi,4558,426,102,0.3357078501181615,0.3357624931287018
2004/MIDI-Unprocessed_SMF_16_R1_2004_01-08_ORIG_MID--AUDIO_16_R1_2004_06_Track06_wav.midi,2968,388,72,0.23589088672047223,0.2359413535904305
2011/MIDI-Unprocessed_03_R2_2011_MID--AUDIO_R2-D1_08_Track08_wav.midi,2284,282,64,0.12291849545574428,0.12301189682038494
2011/MIDI-Unprocessed_22_R3_2011_MID--AUDIO_R3-D7_03_Track03_wav.midi,7378,343,101,0.23070330739928427,0.23076321034220332
2018/MIDI-Unprocessed_Recital17-19_MID--AUDIO_19_R1_2018_wav--3.midi,4169,240,56,0.11324864601247853,0.11331361524020603
2006/MIDI-Unprocessed_20_R1_2006_01-04_ORIG_MID--AUDIO_20_R1_2006_01_Track01_wav.midi,7719,597,156,0.31201641411427344,0.31202413509163907
2013/ORIG-MIDI_02_7_6_13_Group__MID--AUDIO_06_R1_2013_wav--2.midi,2339,337,75,0.48473459823822823,0.48475592162371317
2014/MIDI-UNPROCESSED_01-03_R1_2014_MID--AUDIO_02_R1_2014_wav--2.midi,8087,632,164,0.5253759334187185,0.525358851471301
2009/MIDI-Unprocessed_19_R2_2009_01_ORIG_MID--AUDIO_19_R2_2009_19_R2_2009_01_WAV.midi,7806,574,181,0.4279660040958321,0.4279586964282475
2011/MIDI-Unprocessed_08_R1_2011_MID--AUDIO_R1-D3_07_Track07_wav.midi,2254,174,37,0.15523731109457015,0.15520692100742534
2004/MIDI-Unprocessed_XP_17_R2_2004_01_ORIG_MID--AUDIO_17_R2_2004_01_Track01_wav.midi,5598,597,158,0.29918114701531134,0.299161002211778
2017/MIDI-Unprocessed_044_PIANO044_MID--AUDIO-split_07-06-17_Piano-e_1-04_wav--4.midi,5955,592,110,0.3189639171865572,0.31899306164331775
2004/MIDI-Unprocessed_SMF_13_01_2004_01-05_ORIG_MID--AUDIO_13_R1_2004_02_Track02_wav.midi,7963,645,148,0.43160513658566046,0.43162140389734344
2017/MIDI-Unprocessed_045_PIANO045_MID--AUDIO-split_07-06-17_Piano-e_2-01_wav--1.midi,2195,493,127,0.5881175329487554,0.588084884347797
2006/MIDI-Unprocessed_21_R1_2006_01-04_ORIG_MID--AUDIO_21_R1_2006_02_Track02_wav.midi,10017,679,177,0.35231069865560827,0.35234772026256195
2011/MIDI-Unprocessed_25_R3_2011_MID--AUDIO_R3-D9_03_Track03_wav.midi,3340,225,49,0.28852807403740877,0.2884949750582545
2013/ORIG-MIDI_01_7_8_13_Group__MID--AUDIO_02_R2_2013_wav--1.midi,6276,386,91,0.35265751056427214,0.3527066197974979
2009/MIDI-Unprocessed_21_R2_2009_01_ORIG_MID--AUDIO_21_R2_2009_21_R2_2009_02_WAV.midi,2314,628,177,1.0613342540630955,1.0613743314656772
2006/MIDI-Unprocessed_21_R1_2006_01-04_ORIG_MID--AUDIO_21_R1_2006_01_Track01_wav.midi,6161,358,128,0.4993548540945719,0.49932729356795025
2008/MIDI-Unprocessed_08_R1_2008_01-05_ORIG_MID--AUDIO_08_R1_2008_wav--5.midi,1311,108,21,0.0435965884808421,0.043695007744537225
2009/MIDI-Unprocessed_08_R1_2009_01-04_ORIG_MID--AUDIO_08_R1_2009_08_R1_2009_04_WAV.midi,5000,234,55,0.21835124147632368,0.21832152771060295
2008/MIDI-Unprocessed_08_R3_2008_01-05_ORIG_MID--AUDIO_08_R3_2008_wav--2.midi,11946,459,109,0.21235544649059512,0.2123687269582682
2008/MIDI-Unprocessed_17_R1_2008_01-04_ORIG_MID--AUDIO_17_R1_2008_wav--3.midi,3369,208,54,0.15508097777420016,0.155051338851492
2011/MIDI-Unprocessed_10_R1_2011_MID--AUDIO_R1-D4_05_Track05_wav.midi,5100,435,121,0.3637217101556884,0.3637397879823073
2017/MIDI-Unprocessed_061_PIANO061_MID--AUDIO-split_07-07-17_Piano-e_2-05_wav--2.midi,3947,366,72,0.25518927673184133,0.2552238614531217
2013/ORIG-MIDI_01_7_7_13_Group__MID--AUDIO_12_R1_2013_wav--1.midi,2235,179,38,0.20900662922904586,0.20907224806100608
2017/MIDI-Unprocessed_066_PIANO066_MID--AUDIO-split_07-07-17_Piano-e_3-02_wav--1.midi,2224,258,41,0.6285411737995704,0.6286836989294449
2017/MIDI-Unprocessed_081_PIANO081_MID--AUDIO-split_07-09-17_Piano-e_2_-02_wav--3.midi,6125,425,83,0.32344177630944226,0.32342687171217893
2004/MIDI-Unprocessed_XP_08_R1_2004_04-06_ORIG_MID--AUDIO_08_R1_2004_05_Track05_wav--2.midi,2848,223,37,0.18412702017638743,0.18420865603584707
2009/MIDI-Unprocessed_04_R1_2009_04-06_ORIG_MID--AUDIO_04_R1_2009_04_R1_2009_05_WAV.midi,12537,473,116,0.18657369613851232,0.1865893232079948
2006/MIDI-Unprocessed_19_R1_2006_01-07_ORIG_MID--AUDIO_19_R1_2006_01_Track01_wav.midi,1302,280,78,0.7358894935621152,0.7358143048876542
2017/MIDI-Unprocessed_083_PIANO083_MID--AUDIO-split_07-09-17_Piano-e_2_-06_wav--3.midi,3066,426,84,0.3251140623311274,0.32511419935474273
2018/MIDI-Unprocessed_Recital4_MID--AUDIO_04_R1_2018_wav--5.midi,17080,753,214,0.510219957989412,0.510123730180245
2008/MIDI-Unprocessed_17_R2_2008_01-04_ORIG_MID--AUDIO_17_R2_2008_wav--3.midi,2531,254,50,0.46724426492493043,0.467178289181809
2011/MIDI-Unprocessed_15_R1_2011_MID--AUDIO_R1-D6_09_Track09_wav.midi,2193,155,31,0.04993973320271133,0.050051939548706535
2011/MIDI-Unprocessed_16_R3_2011_MID--AUDIO_R3-D5_02_Track02_wav.midi,7570,497,121,0.396430595712956,0.3964691483167137
2004/MIDI-Unprocessed_XP_19_R1_2004_01-02_ORIG_MID--AUDIO_19_R1_2004_02_Track02_wav.midi,1601,436,91,0.3537714765171811,0.35390241147644774
2018/MIDI-Unprocessed_Recital4_MID--AUDIO_04_R1_2018_wav--3.midi,6636,502,130,0.34677020395475805,0.3468454472069251
2011/MIDI-Unprocessed_01_R1_2011_MID--AUDIO_R1-D1_02_Track02_wav.midi,1574,213,47,0.22357784349850673,0.22360270877944122
2013/ORIG-MIDI_03_7_8_13_Group__MID--AUDIO_18_R2_2013_wav--1.midi,6238,456,106,0.4593691749389263,0.45931921661208475
2011/MIDI-Unprocessed_25_R2_2011_MID--AUDIO_R2-D6_07_Track07_wav.midi,4850,405,114,0.3895307965162615,0.3895195873788461
2006/MIDI-Unprocessed_19_R1_2006_01-07_ORIG_MID--AUDIO_19_R1_2006_07_Track07_wav.midi,5127,354,92,0.2264265679807871,0.2264271863593902
2014/MIDI-UNPROCESSED_19-20_R1_2014_MID--AUDIO_20_R1_2014_wav--2.midi,12406,694,186,0.5391297877726086,0.5390765840682799
2015/MIDI-Unprocessed_R1_D1-1-8_mid--AUDIO-from_mp3_05_R1_2015_wav--1.midi,3094,447,89,0.21544361490479594,0.21551118148394885
2013/ORIG-MIDI_02_7_8_13_Group__MID--AUDIO_11_R2_2013_wav--1.midi,3752,431,104,0.41103836199905625,0.4109981994714882
2008/MIDI-Unprocessed_07_R1_2008_01-04_ORIG_MID--AUDIO_07_R1_2008_wav--2.midi,2628,394,114,0.316156164776227,0.3160851512051664
2013/ORIG-MIDI_02_7_8_13_Group__MID--AUDIO_14_R2_2013_wav--1.midi,3852,372,84,0.36498064876805125,0.36488055644106826
2004/MIDI-Unprocessed_XP_08_R1_2004_04-06_ORIG_MID--AUDIO_08_R1_2004_05_Track05_wav--1.midi,2641,463,130,0.4776360423542655,0.4776779133330438
2006/MIDI-Unprocessed_01_R2_2006_01_ORIG_MID--AUDIO_01_R2_2006_01_Track01_wav.midi,6132,467,124,0.3436528794068796,0.3436854604413981
2011/MIDI-Unprocessed_03_R1_2011_MID--AUDIO_R1-D1_19_Track19_wav.midi,7250,459,136,0.2707477615914961,0.2707497665568534
2013/ORIG-MIDI_01_7_7_13_Group__MID--AUDIO_14_R1_2013_wav--2.midi,2273,339,90,0.49279968391012063,0.49277015593472784
2009/MIDI-Unprocessed_13_R1_2009_01-03_ORIG_MID--AUDIO_13_R1_2009_13_R1_2009_03_WAV.midi,9719,449,98,0.3021866743228536,0.30216181386630836
2008/MIDI-Unprocessed_11_R3_2008_01-04_ORIG_MID--AUDIO_11_R3_2008_wav--2.midi,7594,475,134,0.46815828240568924,0.46817571325911966
2004/MIDI-Unprocessed_XP_15_R1_2004_01-02_ORIG_MID--AUDIO_15_R1_2004_02_Track02_wav.midi,18632,683,138,0.23129198217991567,0.2313421576485331
2011/MIDI-Unprocessed_25_R3_2011_MID--AUDIO_R3-D9_06_Track06_wav.midi,11875,455,118,0.17225138520110528,0.172305026940546
2018/MIDI-Unprocessed_Recital17-19_MID--AUDIO_17_R1_2018_wav--1.midi,2404,305,69,0.4665708513519954,0.4665988441302536
2004/MIDI-Unprocessed_XP_22_R2_2004_01_ORIG_MID--AUDIO_22_R2_2004_04_Track04_wav.midi,7308,401,73,0.14152032152612676,0.1415056878856884
2006/MIDI-Unprocessed_05_R2_2006_01_ORIG_MID--AUDIO_05_R2_2006_03_Track03_wav.midi,8698,296,82,0.18726640860255359,0.18729735189598085
2011/MIDI-Unprocessed_03_R2_2011_MID--AUDIO_R2-D1_07_Track07_wav.midi,5978,323,78,0.3023852825862868,0.30243396237316944
2011/MIDI-Unprocessed_17_R2_2011_MID--AUDIO_R2-D5_03_Track03_wav.midi,6016,306,96,0.29369305123811174,0.2937419541231715
2013/ORIG-MIDI_03_7_10_13_Group_MID--AUDIO_15_R3_2013_wav--1.midi,7319,448,114,0.321237210184507,0.3212178690130563
2017/MIDI-Unprocessed_053_PIANO053_MID--AUDIO-split_07-06-17_Piano-e_3-04_wav--1.midi,1514,277,75,0.4743586701773606,0.47436366337839647
2014/MIDI-UNPROCESSED_04-08-12_R3_2014_MID--AUDIO_12_R3_2014_wav--2.midi,5636,590,134,0.3602977166902275,0.3603191076226705
2014/MIDI-UNPROCESSED_09-10_R1_2014_MID--AUDIO_09_R1_2014_wav--3.midi,4304,213,56,0.0718113966560598,0.07196726390870854
2015/MIDI-Unprocessed_R1_D2-21-22_mid--AUDIO-from_mp3_21_R1_2015_wav--5.midi,5146,460,91,0.17901067085621067,0.17907322540972728
2018/MIDI-Unprocessed_Recital16_MID--AUDIO_16_R1_2018_wav--2.midi,7149,465,132,0.37022205178210393,0.3701829827194083
2017/MIDI-Unprocessed_057_PIANO057_MID--AUDIO-split_07-07-17_Piano-e_1-07_wav--2.midi,2831,380,126,0.7977262290147106,0.7976978163919892
2018/MIDI-Unprocessed_Recital13-15_MID--AUDIO_15_R1_2018_wav--4.midi,15330,654,158,0.32813508547003584,0.32813783153024473
2014/MIDI-UNPROCESSED_06-08_R1_2014_MID--AUDIO_07_R1_2014_wav--6.midi,4678,307,62,0.1989250549096018,0.19889133409863238
2011/MIDI-Unprocessed_03_R3_2011_MID--AUDIO_R3-D1_03_Track03_wav.midi,1442,162,31,0.17554170570500385,0.17577042393189052
2004/MIDI-Unprocessed_XP_10_R1_2004_01-02_ORIG_MID--AUDIO_10_R1_2004_01_Track01_wav.midi,931,337,75,0.6026871873081393,0.6026896095712466
2006/MIDI-Unprocessed_07_R1_2006_01-04_ORIG_MID--AUDIO_07_R1_2006_04_Track04_wav.midi,16966,469,140,0.17829258581836568,0.17828981936301513
2004/MIDI-Unprocessed_XP_18_R1_2004_01-02_ORIG_MID--AUDIO_18_R1_2004_04_Track04_wav.midi,1982,322,73,0.09122924698716885,0.09144136868499492
2004/MIDI-Unprocessed_XP_19_R2_2004_01_ORIG_MID--AUDIO_19_R2_2004_03_Track03_wav.midi,8982,468,98,0.1396429282241477,0.1395962381715059
2018/MIDI-Unprocessed_Recital13-15_MID--AUDIO_14_R1_2018_wav--4.midi,4472,650,192,0.6653496226358397,0.6653217693938506
2006/MIDI-Unprocessed_09_R1_2006_01-04_ORIG_MID--AUDIO_09_R1_2006_01_Track01_wav.midi,4923,619,140,0.5034241440495872,0.5034362640431856
2011/MIDI-Unprocessed_22_R3_2011_MID--AUDIO_R3-D7_08_Track08_wav.midi,4473,291,83,0.23492894410118095,0.2348118242821011
2014/MIDI-UNPROCESSED_04-07-08-10-12-15-17_R2_2014_MID--AUDIO_07_R2_2014_wav.midi,18525,665,174,0.2724913072986217,0.272527314842126
2013/ORIG-MIDI_03_7_8_13_Group__MID--AUDIO_15_R2_2013_wav--2.midi,7034,533,151,0.3683961097729208,0.36844452560488694
2011/MIDI-Unprocessed_05_R1_2011_MID--AUDIO_R1-D2_08_Track08_wav.midi,566,140,34,0.9396121580630165,0.9393499153925297
2014/MIDI-UNPROCESSED_19-20_R1_2014_MID--AUDIO_19_R1_2014_wav--2.midi,14206,705,189,0.36443698619285675,0.3645267932986807
2008/MIDI-Unprocessed_10_R1_2008_01-04_ORIG_MID--AUDIO_10_R1_2008_wav--4.midi,4133,212,48,0.12124363214000367,0.12126263552497633
2006/MIDI-Unprocessed_05_R2_2006_01_ORIG_MID--AUDIO_05_R2_2006_01_Track01_wav.midi,7733,412,124,0.381314237748032,0.3814159837468041
2006/MIDI-Unprocessed_22_R2_2006_01_ORIG_MID--AUDIO_22_R2_2006_04_Track04_wav.midi,3845,298,77,0.1060940928299357,0.10613281051324736
2006/MIDI-Unprocessed_22_R2_2006_01_ORIG_MID--AUDIO_22_R2_2006_03_Track03_wav.midi,4342,472,123,0.2663049289491443,0.2662649213240775
2018/MIDI-Unprocessed_Recital17-19_MID--AUDIO_17_R1_2018_wav--3.midi,7533,563,134,0.4483900440408408,0.44848932905176914
2013/ORIG-MIDI_01_7_8_13_Group__MID--AUDIO_02_R2_2013_wav--5.midi,5914,323,85,0.1143143702718105,0.11414087166220939
2008/MIDI-Unprocessed_09_R1_2008_01-05_ORIG_MID--AUDIO_09_R1_2008_wav--4.midi,2562,227,51,0.14700457457871538,0.14690073301501444
2011/MIDI-Unprocessed_22_R1_2011_MID--AUDIO_R1-D8_13_Track13_wav.midi,4011,297,71,0.2559069988967136,0.25592250885745077
2013/ORIG-MIDI_01_7_6_13_Group__MID--AUDIO_04_R1_2013_wav--4.midi,5525,357,75,0.22173066544454811,0.2217519432868475
2011/MIDI-Unprocessed_06_R1_2011_MID--AUDIO_R1-D2_16_Track16_wav.midi,2383,161,40,0.11133010801246254,0.11136648389206479
2014/MIDI-UNPROCESSED_01-03_R1_2014_MID--AUDIO_03_R1_2014_wav--2.midi,1286,195,48,0.45046661884247025,0.45070019735194755
2011/MIDI-Unprocessed_14_R1_2011_MID--AUDIO_R1-D6_03_Track03_wav.midi,2846,359,107,0.42900902821033987,0.4289497281878879
2009/MIDI-Unprocessed_17_R2_2009_01_ORIG_MID--AUDIO_17_R2_2009_17_R2_2009_01_WAV.midi,4967,392,101,0.35459562638810227,0.35448754853602055
2004/MIDI-Unprocessed_XP_06_R2_2004_01_ORIG_MID--AUDIO_06_R2_2004_01_Track01_wav.midi,6610,559,113,0.25645016355730643,0.2564378907092629
2011/MIDI-Unprocessed_25_R1_2011_MID--AUDIO_R1-D9_14_Track14_wav.midi,3069,263,53,0.3253409659602879,0.3254245630813625
2018/MIDI-Unprocessed_Recital1-3_MID--AUDIO_02_R1_2018_wav--3.midi,3044,489,132,0.44974663589778674,0.44980460480250095
2011/MIDI-Unprocessed_04_R3_2011_MID--AUDIO_R3-D2_06_Track06_wav.midi,9618,449,110,0.18658929108137015,0.18656219095637624
2014/MIDI-UNPROCESSED_04-05_R1_2014_MID--AUDIO_04_R1_2014_wav--4.midi,1354,408,95,0.5698099556643085,0.5699386132676819
2004/MIDI-Unprocessed_SMF_07_R1_2004_01_ORIG_MID--AUDIO_07_R1_2004_02_Track02_wav.midi,3547,619,123,0.4977157488522013,0.4977405426205888
2015/MIDI-Unprocessed_R1_D2-13-20_mid--AUDIO-from_mp3_18_R1_2015_wav--2.midi,3233,178,51,0.12727477308822596,0.12746244466546447
2006/MIDI-Unprocessed_07_R2_2006_01_ORIG_MID--AUDIO_07_R2_2006_02_Track02_wav.midi,2313,496,121,0.4984220314088866,0.4984887846889316
2004/MIDI-Unprocessed_XP_01_R1_2004_01-02_ORIG_MID--AUDIO_01_R1_2004_02_Track02_wav.midi,2903,384,97,0.4110408037725883,0.4111268938103894
2015/MIDI-Unprocessed_R1_D2-21-22_mid--AUDIO-from_mp3_22_R1_2015_wav--3.midi,2124,227,43,0.2973050396070803,0.29737285904279365
2011/MIDI-Unprocessed_22_R2_2011_MID--AUDIO_R2-D5_10_Track10_wav.midi,1647,356,79,0.6938364805706666,0.6939094986564714
2013/ORIG-MIDI_01_7_7_13_Group__MID--AUDIO_12_R1_2013_wav--5.midi,5401,319,88,0.268561494899892,0.26853047754123954
2011/MIDI-Unprocessed_21_R1_2011_MID--AUDIO_R1-D8_09_Track09_wav.midi,2235,135,32,0.10845189195419774,0.10846772975523325
2018/MIDI-Unprocessed_Recital5-7_MID--AUDIO_07_R1_2018_wav--3.midi,1223,298,72,0.5580509928960374,0.5581598739861994
2008/MIDI-Unprocessed_09_R2_2008_01-05_ORIG_MID--AUDIO_09_R2_2008_wav--2.midi,2169,259,61,0.45846126010621663,0.45829576004445516
2004/MIDI-Unprocessed_XP_14_R1_2004_04_ORIG_MID--AUDIO_14_R1_2004_05_Track05_wav.midi,875,357,109,0.7212974913225192,0.7212074757512144
2011/MIDI-Unprocessed_08_R1_2011_MID--AUDIO_R1-D3_10_Track10_wav.midi,2808,360,99,0.656347405942948,0.6563928812095796
2014/MIDI-UNPROCESSED_21-22_R1_2014_MID--AUDIO_22_R1_2014_wav--4.midi,8071,500,128,0.3329426473146687,0.3328625646064379
